LapID,RunOrder,CarNumber,CarName,StartTime,FinishTime,MissCourseCount,PylonTouchCount,TwoWheelOffCourseCount,FourWheelOffCourseCount,LapTime,PenaltyTime,TotalLapTime,LapTimeString,TotalLapTimeString,Note
1785620120393-424696801522.865739-1785627353368,1,M1,ミツビシ　ランサーEvo,1785627353366,1785627410041,0,0,0,0,56675,0,56675,56.675,56.675,
1785620120393-424696801522.865739-1785627438198,2,M4,スバル　インプレッサWRX STI,1785627438198,1785627496267,0,0,0,0,58069,0,58069,58.069,58.069,
1785620120393-424696801522.865739-1785627569180,3,M2,アルピーヌ　A110,1785627569180,1785627627104,0,0,0,0,57924,0,57924,57.924,57.924(PG),PG
1785620120393-424696801522.865739-1785627623556,4,M3,マツダ　ロードスター,1785627623555,1785627686621,0,0,0,0,63066,0,63066,1’03.066,1’03.066(PG),PG
1785620120393-424696801522.865739-1785627886260,5,1,マツダ ロードスターRF,1785627886260,1785627947510,0,0,0,0,61250,0,61250,1’01.250,1’01.250,
1785620120393-424696801522.865739-1785628017348,6,1,マツダ ロードスターRF,1785628017348,1785628077597,0,0,0,0,60249,0,60249,1’00.249,1’00.249,
1785620120393-424696801522.865739-1785628072248,7,4,アルファロメオ 156,1785628072248,1785628154972,0,0,0,0,82724,0,82724,1’22.724,1’22.724,
1785620120393-424696801522.865739-1785628394380,8,2,マツダ ロードスター,1785628394379,1785628464372,0,0,0,0,69993,0,69993,1’09.993,1’09.993,
1785620120393-424696801522.865739-1785628459060,9,6,ホンダ フィット,1785628459060,1785628538011,0,0,0,0,78951,0,78951,1’18.951,1’18.951,
1785620120393-424696801522.865739-1785628536652,10,3,マツダ RX-8,1785628536652,1785628600980,0,0,0,0,64328,0,64328,1’04.328,1’04.328,
1785620120393-424696801522.865739-1785628598212,11,4,アルファロメオ 156,1785628598212,1785628673164,0,0,0,0,74952,0,74952,1’14.952,1’14.952,
1785620120393-424696801522.865739-1785628670061,12,8,ホンダ インテグラ,1785628670061,1785628733820,1,0,1,0,63759,5000,68759,1’03.759,1’03.759(MC)(2脱:1),
1785620120393-424696801522.865739-1785628742693,13,10,ニッサン フェアレディZ,1785628742692,1785628826020,1,0,0,0,83328,0,83328,1’23.328,1’23.328(MC),
1785620120393-424696801522.865739-1785628827260,14,9,アバルト595,1785628827260,1785628889036,0,0,0,0,61776,0,61776,1’01.776,1’01.776,
1785620120393-424696801522.865739-1785628890101,15,2,マツダ ロードスター,1785628890100,1785628958652,0,0,0,0,68552,0,68552,1’08.552,1’08.552,
1785620120393-424696801522.865739-1785628957935,16,6,ホンダ フィット,1785628957934,1785629027996,0,0,0,0,70062,0,70062,1’10.062,1’10.062,
1785620120393-424696801522.865739-1785629023364,17,3,マツダ RX-8,1785629023364,1785629086471,0,0,0,0,63107,0,63107,1’03.107,1’03.107,
1785620120393-424696801522.865739-1785629085072,18,9,アバルト595,1785629085072,1785629144860,0,0,0,0,59788,0,59788,59.788,59.788,
1785620120393-424696801522.865739-1785629144022,19,10,ニッサン フェアレディZ,1785629144022,1785629221268,0,0,0,1,77246,0,77246,1’17.246,1’17.246(4脱),
1785620120393-424696801522.865739-1785629221468,20,5,スバル BRZ,1785629221468,1785629289606,1,0,0,0,68138,0,68138,1’08.138,1’08.138(MC),
1785620120393-424696801522.865739-1785629315860,21,8,ホンダ インテグラ,1785629315860,1785629377196,1,0,0,0,61336,0,61336,1’01.336,1’01.336(MC),
1785620120393-424696801522.865739-1785629381028,22,5,スバル BRZ,1785629381028,1785629442129,1,0,0,0,61101,0,61101,1’01.101,1’01.101(MC),
1785620120393-424696801522.865739-1785629461862,23,12,スズキ スイフト,1785629461862,1785629520588,0,0,0,0,58726,0,58726,58.726,58.726,
1785620120393-424696801522.865739-1785629519381,24,20,マツダ　ロードスター,1785629519381,1785629581652,0,0,0,0,62271,0,62271,1’02.271,1’02.271,
1785620120393-424696801522.865739-1785629578404,25,15,ダイハツ コペン,1785629578404,1785629648020,1,0,0,0,69616,0,69616,1’09.616,1’09.616(MC),
1785620120393-424696801522.865739-1785629644301,26,17,ホンダ シビック,1785629644300,1785629713956,0,1,0,1,69656,5000,74656,1’09.656,1’09.656(PT:1)(4脱),
1785620120393-424696801522.865739-1785629720420,27,11,スズキ スイフトスポーツ,1785629720420,1785629780519,0,0,0,0,60099,0,60099,1’00.099,1’00.099,
1785620120393-424696801522.865739-1785629783686,28,18,スバル インプレッサSTi,1785629783685,1785629842428,0,0,0,0,58743,0,58743,58.743,58.743,
1785620120393-424696801522.865739-1785629840390,29,20,マツダ　ロードスター,1785629840390,1785629900924,0,0,0,0,60534,0,60534,1’00.534,1’00.534,
1785620120393-424696801522.865739-1785629895412,30,19,マツダ　ロードスター,1785629895412,1785629958044,0,1,0,0,62632,5000,67632,1’02.632,1’02.632(PT:1),
1785620120393-424696801522.865739-1785629955423,31,15,ダイハツ コペン,1785629955423,1785630021060,1,0,0,0,65637,0,65637,1’05.637,1’05.637(MC),
1785620120393-424696801522.865739-1785630018434,32,16,トヨタ GRヤリス,1785630018434,1785630083460,0,0,0,0,65026,0,65026,1’05.026,1’05.026,
1785620120393-424696801522.865739-1785630080393,33,14,スバル BRZ,1785630080390,1785630157980,1,0,0,0,77590,0,77590,1’17.590,1’17.590(MC),
1785620120393-424696801522.865739-1785630169645,34,21,ミツビシ　ランサーEvo,1785630169645,1785630277852,1,0,0,0,108207,0,108207,1’48.207,1’48.207(MC),
1785620120393-424696801522.865739-1785630277479,35,13,トヨタ GR86,1785630277479,1785630335508,0,0,0,0,58029,0,58029,58.029,58.029,
1785620120393-424696801522.865739-1785630336852,36,17,ホンダ シビック,1785630336852,1785630403693,1,1,0,1,66841,5000,71841,1’06.841,1’06.841(MC)(PT:1)(4脱),
1785620120393-424696801522.865739-1785630509535,37,19,マツダ　ロードスター,1785630509535,1785630570812,0,0,0,0,61277,0,61277,1’01.277,1’01.277,
1785620120393-424696801522.865739-1785630570028,38,12,スズキ スイフト,1785630570028,1785630626887,0,0,0,0,56859,0,56859,56.859,56.859,
1785620120393-424696801522.865739-1785630628308,39,11,スズキ スイフトスポーツ,1785630628308,1785630687677,0,1,0,0,59369,5000,64369,59.369,59.369(PT:1),
1785620120393-424696801522.865739-1785630715238,40,16,トヨタ GRヤリス,1785630715238,1785630780942,0,0,0,0,65704,0,65704,1’05.704,1’05.704,
1785620120393-424696801522.865739-1785630778901,41,18,スバル インプレッサSTi,1785630778900,1785630836820,0,0,0,0,57920,0,57920,57.920,57.920,
1785620120393-424696801522.865739-1785630835959,42,14,スバル BRZ,1785630835959,1785630905517,1,0,0,0,69558,0,69558,1’09.558,1’09.558(MC),
1785620120393-424696801522.865739-1785630902228,43,10,ニッサン フェアレディZ,1785630902228,1785630965821,0,0,0,0,63593,0,63593,1’03.593,1’03.593(LC),LC
1785620120393-424696801522.865739-1785630972372,44,21,ミツビシ　ランサーEvo,1785630972372,1785631046367,0,0,0,0,73995,0,73995,1’13.995,1’13.995,
1785620120393-424696801522.865739-1785631058268,45,13,トヨタ GR86,1785631058268,1785631115677,0,0,0,0,57409,0,57409,57.409,57.409,
1785620120393-424696801522.865739-1785631132492,46,3,マツダ RX-8,1785631132492,1785631193260,0,0,0,0,60768,0,60768,1’00.768,1’00.768,
1785620120393-424696801522.865739-1785631836588,47,9,アバルト595,1785631836588,1785631895357,0,0,0,0,58769,0,58769,58.769,58.769,
1785620120393-424696801522.865739-1785631896820,48,10,ニッサン フェアレディZ,1785631896820,1785631964821,0,0,0,0,68001,0,68001,1’08.001,1’08.001,
1785620120393-424696801522.865739-1785631960752,49,1,マツダ ロードスターRF,1785631960752,1785632021735,0,0,0,0,60983,0,60983,1’00.983,1’00.983,
1785620120393-424696801522.865739-1785632031453,50,4,アルファロメオ 156,1785632031453,1785632107791,0,0,0,0,76338,0,76338,1’16.338,1’16.338,
1785620120393-424696801522.865739-1785632106092,51,2,マツダ ロードスター,1785632106092,1785632174455,0,0,0,0,68363,0,68363,1’08.363,1’08.363,
1785620120393-424696801522.865739-1785632169076,52,6,ホンダ フィット,1785632169076,1785632237812,0,0,0,0,68736,0,68736,1’08.736,1’08.736,
1785620120393-424696801522.865739-1785632235408,53,3,マツダ RX-8,1785632235408,1785632296613,0,0,0,0,61205,0,61205,1’01.205,1’01.205,
1785620120393-424696801522.865739-1785632297909,54,8,ホンダ インテグラ,1785632297909,1785632358095,0,0,0,0,60186,0,60186,1’00.186,1’00.186,
1785620120393-424696801522.865739-1785632355589,55,9,アバルト595,1785632355589,1785632415301,0,0,0,0,59712,0,59712,59.712,59.712,
1785620120393-424696801522.865739-1785632411542,56,16,トヨタ GRヤリス,1785632411542,1785632471267,0,0,0,0,59725,0,59725,59.725,59.725,
1785620120393-424696801522.865739-1785632468965,57,7,トヨタ 86,1785632468965,1785632529109,0,0,0,0,60144,0,60144,1’00.144,1’00.144,
1785620120393-424696801522.865739-1785632538204,58,1,マツダ ロードスターRF,1785632538204,1785632599845,0,0,0,0,61641,0,61641,1’01.641,1’01.641,
1785620120393-424696801522.865739-1785632596557,59,2,マツダ ロードスター,1785632596557,1785632664788,0,0,0,0,68231,0,68231,1’08.231,1’08.231,
1785620120393-424696801522.865739-1785632661461,60,4,アルファロメオ 156,1785632661461,1785632734181,0,0,0,0,72720,0,72720,1’12.720,1’12.720,
1785620120393-424696801522.865739-1785632741736,61,6,ホンダ フィット,1785632741736,1785632808228,0,0,0,0,66492,0,66492,1’06.492,1’06.492,
1785620120393-424696801522.865739-1785632805829,62,10,ニッサン フェアレディZ,1785632805829,1785632874108,0,0,0,0,68279,0,68279,1’08.279,1’08.279,
1785620120393-424696801522.865739-1785632870893,63,17,ホンダ シビック,1785632870893,1785632934541,0,0,0,0,63648,0,63648,1’03.648,1’03.648,
1785620120393-424696801522.865739-1785632932317,64,8,ホンダ インテグラ,1785632932317,1785632992512,0,0,0,0,60195,0,60195,1’00.195,1’00.195,
1785620120393-424696801522.865739-1785633001461,65,7,トヨタ 86,1785633001460,1785633065463,1,0,0,0,64003,0,64003,1’04.003,1’04.003(MC),
1785620120393-424696801522.865739-1785633077165,66,5,スバル BRZ,1785633077165,1785633137621,0,0,0,0,60456,0,60456,1’00.456,1’00.456,
1785620120393-424696801522.865739-1785633140327,67,M2,アルピーヌ　A110,1785633140326,1785633197773,0,0,0,0,57447,0,57447,57.447,57.447,
1785620120393-424696801522.865739-1785633197053,68,15,ダイハツ コペン,1785633197053,1785633263917,0,0,0,0,66864,0,66864,1’06.864,1’06.864,
1785620120393-424696801522.865739-1785633261433,69,12,スズキ スイフト,1785633261432,1785633318302,0,0,0,0,56870,0,56870,56.870,56.870,
1785620120393-424696801522.865739-1785633320037,70,M4,スバル　インプレッサWRX STI,1785633320037,1785633378951,0,0,0,0,58914,0,58914,58.914,58.914,
1785620120393-424696801522.865739-1785633378089,71,20,マツダ　ロードスター,1785633378089,1785633451797,0,0,0,0,73708,0,73708,1’13.708,1’13.708,
1785620120393-424696801522.865739-1785633469373,72,11,スズキ スイフトスポーツ,1785633469373,1785633529089,0,0,0,0,59716,0,59716,59.716,59.716,
1785620120393-424696801522.865739-1785633527038,73,5,スバル BRZ,1785633527037,1785633586239,0,0,0,0,59202,0,59202,59.202,59.202,
1785620120393-424696801522.865739-1785633583960,74,17,ホンダ シビック,1785633583960,1785633655745,0,0,0,0,71785,0,71785,1’11.785,1’11.785,
1785620120393-424696801522.865739-1785633651271,75,19,マツダ　ロードスター,1785633651271,1785633712828,0,0,0,0,61557,0,61557,1’01.557,1’01.557,
1785620120393-424696801522.865739-1785633708310,76,15,ダイハツ コペン,1785633708310,1785633772949,0,0,0,0,64639,0,64639,1’04.639,1’04.639,
1785620120393-424696801522.865739-1785633769265,77,16,トヨタ GRヤリス,1785633769265,1785633832143,0,0,0,0,62878,0,62878,1’02.878,1’02.878,
1785620120393-424696801522.865739-1785633831965,78,21,ミツビシ　ランサーEvo,1785633831965,1785633893037,0,0,0,0,61072,0,61072,1’01.072,1’01.072,
1785620120393-424696801522.865739-1785633889246,79,14,スバル BRZ,1785633889246,1785633957525,1,1,0,0,68279,5000,73279,1’08.279,1’08.279(MC)(PT:1),
1785620120393-424696801522.865739-1785633968309,80,5,スバル BRZ,1785633968309,1785634028071,0,0,0,0,59762,0,59762,59.762,59.762,
1785620120393-424696801522.865739-1785634024839,81,17,ホンダ シビック,1785634024839,1785634090045,0,0,0,0,65206,0,65206,1’05.206,1’05.206,
1785620120393-424696801522.865739-1785634084557,82,11,スズキ スイフトスポーツ,1785634084557,1785634144824,1,1,0,0,60267,5000,65267,1’00.267,1’00.267(MC)(PT:1),
1785620120393-424696801522.865739-1785634158061,83,7,トヨタ 86,1785634158061,1785634224789,0,0,0,0,66728,0,66728,1’06.728,1’06.728,
1785620120393-424696801522.865739-1785634220438,84,18,スバル インプレッサSTi,1785634220438,1785634277227,0,0,0,0,56789,0,56789,56.789,56.789,
1785620120393-424696801522.865739-1785634275119,85,20,マツダ　ロードスター,1785634275119,1785634336478,0,0,0,0,61359,0,61359,1’01.359,1’01.359,
1785620120393-424696801522.865739-1785634336414,86,M2,アルピーヌ　A110,1785634336414,1785634394549,0,0,0,0,58135,0,58135,58.135,58.135,
1785620120393-424696801522.865739-1785634391662,87,19,マツダ　ロードスター,1785634391661,1785634452733,0,0,0,0,61072,0,61072,1’01.072,1’01.072,
1785620120393-424696801522.865739-1785634449115,88,16,トヨタ GRヤリス,1785634449115,1785634512343,0,0,0,0,63228,0,63228,1’03.228,1’03.228,
1785620120393-424696801522.865739-1785634509998,89,7,トヨタ 86,1785634509997,1785634576317,0,0,0,0,66320,0,66320,1’06.320,1’06.320,
1785620120393-424696801522.865739-1785634573200,90,21,ミツビシ　ランサーEvo,1785634573200,1785634634622,0,0,0,0,61422,0,61422,1’01.422,1’01.422,
1785620120393-424696801522.865739-1785634632182,91,14,スバル BRZ,1785634632181,1785634700933,0,0,0,0,68752,0,68752,1’08.752,1’08.752,
1785620120393-424696801522.865739-1785634695970,92,12,スズキ スイフト,1785634695970,1785634753382,0,0,0,0,57412,0,57412,57.412,57.412,
1785620120393-424696801522.865739-1785634750159,93,18,スバル インプレッサSTi,1785634750158,1785634806261,0,0,0,0,56103,0,56103,56.103,56.103,
1785620120393-424696801522.865739-1785634808238,94,M3,マツダ　ロードスター,1785634808237,1785634870399,0,0,0,0,62162,0,62162,1’02.162,1’02.162,
1785620120393-424696801522.865739-1785635035829,95,10,ニッサン フェアレディZ,1785635035829,1785635102077,0,0,0,0,66248,0,66248,1’06.248,1’06.248,
1785620120393-424696801522.865739-1785635609678,96,3,マツダ RX-8,1785635609678,1785635670853,0,0,0,0,61175,0,61175,1’01.175,1’01.175,
1785620120393-424696801522.865739-1785635668152,97,9,アバルト595,1785635668152,1785635726661,0,0,0,0,58509,0,58509,58.509,58.509,
1785620120393-424696801522.865739-1785635723558,98,4,アルファロメオ 156,1785635723557,1785635797381,0,0,0,0,73824,0,73824,1’13.824,1’13.824,
1785620120393-424696801522.865739-1785635788212,99,6,ホンダ フィット,1785635788211,1785635856840,0,0,0,0,68629,0,68629,1’08.629,1’08.629,
1785620120393-424696801522.865739-1785635852566,100,2,マツダ ロードスター,1785635852566,1785635920176,0,0,0,0,67610,0,67610,1’07.610,1’07.610,
1785620120393-424696801522.865739-1785635914932,101,1,マツダ ロードスターRF,1785635914932,1785635975918,0,0,0,0,60986,0,60986,1’00.986,1’00.986,
1785620120393-424696801522.865739-1785635973254,102,3,マツダ RX-8,1785635973253,1785636034437,0,0,0,0,61184,0,61184,1’01.184,1’01.184,
1785620120393-424696801522.865739-1785636031601,103,9,アバルト595,1785636031601,1785636097079,0,1,0,0,65478,5000,70478,1’05.478,1’05.478(PT:1),
1785620120393-424696801522.865739-1785636136038,104,4,アルファロメオ 156,1785636136038,1785636210342,0,0,0,0,74304,0,74304,1’14.304,1’14.304,
1785620120393-424696801522.865739-1785636200918,105,5,スバル BRZ,1785636200918,1785636262056,0,1,0,0,61138,5000,66138,1’01.138,1’01.138(PT:1),
1785620120393-424696801522.865739-1785636288767,106,2,マツダ ロードスター,1785636288766,1785636357262,0,0,0,0,68496,0,68496,1’08.496,1’08.496,
1785620120393-424696801522.865739-1785636352255,107,M1,ミツビシ　ランサーEvo,1785636352254,1785636407270,0,0,0,0,55016,0,55016,55.016,55.016(PG),PG
1785620120393-424696801522.865739-1785636407006,108,6,ホンダ フィット,1785636407006,1785636474861,0,0,0,0,67855,0,67855,1’07.855,1’07.855,
1785620120393-424696801522.865739-1785636472177,109,1,マツダ ロードスターRF,1785636472177,1785636532934,0,0,0,0,60757,0,60757,1’00.757,1’00.757,
1785620120393-424696801522.865739-1785636528182,110,5,スバル BRZ,1785636528182,1785636588239,0,0,0,0,60057,0,60057,1’00.057,1’00.057,
1785620120393-424696801522.865739-1785636587318,111,7,トヨタ 86,1785636587318,1785636651462,1,0,0,0,64144,0,64144,1’04.144,1’04.144(MC),
1785620120393-424696801522.865739-1785636661214,112,8,ホンダ インテグラ,1785636661214,1785636720870,0,0,0,0,59656,0,59656,59.656,59.656,
1785620120393-424696801522.865739-1785636717550,113,15,ダイハツ コペン,1785636717550,1785636783702,0,0,0,0,66152,0,66152,1’06.152,1’06.152,
1785620120393-424696801522.865739-1785636778823,114,10,ニッサン フェアレディZ,1785636778822,1785636848463,1,0,0,0,69641,0,69641,1’09.641,1’09.641(MC),
1785620120393-424696801522.865739-1785636850605,115,7,トヨタ 86,1785636850605,1785636914054,1,0,0,0,63449,0,63449,1’03.449,1’03.449(MC),
1785620120393-424696801522.865739-1785636918158,116,8,ホンダ インテグラ,1785636918158,1785636977857,0,0,0,0,59699,0,59699,59.699,59.699,
1785620120393-424696801522.865739-1785636976774,117,12,スズキ スイフト,1785636976774,1785637033606,0,0,0,0,56832,0,56832,56.832,56.832,
1785620120393-424696801522.865739-1785637032222,118,14,スバル BRZ,1785637032222,1785637107446,0,2,1,0,75224,15000,90224,1’15.224,1’15.224(PT:2)(2脱:1),
1785620120393-424696801522.865739-1785637140775,119,19,マツダ　ロードスター,1785637140774,1785637203606,1,0,1,0,62832,5000,67832,1’02.832,1’02.832(MC)(2脱:1),
1785620120393-424696801522.865739-1785637201304,120,16,トヨタ GRヤリス,1785637201304,1785637272798,0,2,0,0,71494,10000,81494,1’11.494,1’11.494(PT:2),
1785620120393-424696801522.865739-1785637289046,121,11,スズキ スイフトスポーツ,1785637289046,1785637348765,0,0,0,0,59719,0,59719,59.719,59.719,
1785620120393-424696801522.865739-1785637346294,122,15,ダイハツ コペン,1785637346294,1785637410633,0,0,0,0,64339,0,64339,1’04.339,1’04.339,
1785620120393-424696801522.865739-1785637407919,123,21,ミツビシ　ランサーEvo,1785637407919,1785637467878,0,0,0,0,59959,0,59959,59.959,59.959,
1785620120393-424696801522.865739-1785637467319,124,13,トヨタ GR86,1785637467318,1785637525528,0,0,0,0,58210,0,58210,58.210,58.210,
1785620120393-424696801522.865739-1785637524486,125,10,ニッサン フェアレディZ,1785637524486,1785637590853,0,0,0,0,66367,0,66367,1’06.367,1’06.367,
1785620120393-424696801522.865739-1785637584719,126,18,スバル インプレッサSTi,1785637584719,1785637641205,0,1,0,0,56486,5000,61486,56.486,56.486(PT:1),
1785620120393-424696801522.865739-1785637640319,127,20,マツダ　ロードスター,1785637640319,1785637701465,0,0,0,0,61146,0,61146,1’01.146,1’01.146,
1785620120393-424696801522.865739-1785637703926,128,14,スバル BRZ,1785637703926,1785637773078,0,0,0,0,69152,0,69152,1’09.152,1’09.152,
1785620120393-424696801522.865739-1785637774518,129,17,ホンダ シビック,1785637774518,1785637837926,0,1,0,0,63408,5000,68408,1’03.408,1’03.408(PT:1),
1785620120393-424696801522.865739-1785637847002,130,19,マツダ　ロードスター,1785637847001,1785637909446,0,0,0,0,62445,0,62445,1’02.445,1’02.445,
1785620120393-424696801522.865739-1785637947408,131,21,ミツビシ　ランサーEvo,1785637947408,1785638006863,0,0,0,0,59455,0,59455,59.455,59.455,
1785620120393-424696801522.865739-1785638011906,132,16,トヨタ GRヤリス,1785638011906,1785638074078,0,0,0,0,62172,0,62172,1’02.172,1’02.172,
1785620120393-424696801522.865739-1785638075358,133,13,トヨタ GR86,1785638075358,1785638133726,0,0,0,0,58368,0,58368,58.368,58.368,
1785620120393-424696801522.865739-1785638133617,134,11,スズキ スイフトスポーツ,1785638133617,1785638192801,0,0,0,0,59184,0,59184,59.184,59.184,
1785620120393-424696801522.865739-1785638191700,135,18,スバル インプレッサSTi,1785638191700,1785638250170,0,0,0,0,58470,0,58470,58.470,58.470,
1785620120393-424696801522.865739-1785638248502,136,17,ホンダ シビック,1785638248502,1785638314086,0,0,0,0,65584,0,65584,1’05.584,1’05.584,
1785620120393-424696801522.865739-1785638311639,137,20,マツダ　ロードスター,1785638311639,1785638372555,0,0,0,0,60916,0,60916,1’00.916,1’00.916,
1785620120393-424696801522.865739-1785638373496,138,12,スズキ スイフト,1785638373496,1785638429891,0,0,0,0,56395,0,56395,56.395,56.395,
1785620120393-424696801522.865739-1785638558910,139,M2,アルピーヌ　A110,1785638558910,1785638616431,0,0,0,0,57521,0,57521,57.521,57.521,
1785620120393-424696801522.865739-1785638619695,140,M1,ミツビシ　ランサーEvo,1785638619694,1785638673462,0,0,0,0,53768,0,53768,53.768,53.768,
